{
    "Aerodactyl": 0.0471,
    "Alakazam": 56.189029999999995,
    "Arcanine": 0.11463999999999999,
    "Articuno": 0.9207200000000001,
    "Beedrill": 0.45772,
    "Blastoise": 0.04258,
    "Chansey": 75.77146,
    "Charizard": 0.25631,
    "Clefable": 0.08682,
    "Cloyster": 7.327999999999999,
    "Dewgong": 0.015330000000000002,
    "Ditto": 0.01666,
    "Dodrio": 0.12191,
    "Dragonite": 2.16216,
    "Dugtrio": 0.06841,
    "Electabuzz": 0.11356999999999999,
    "Electrode": 0.16851,
    "Exeggutor": 87.62718000000001,
    "Flareon": 0.03768,
    "Gengar": 10.27209,
    "Golduck": 0.02212,
    "Golem": 30.02165,
    "Gyarados": 0.18328999999999998,
    "Haunter": 0.05819,
    "Hitmonlee": 0.09079,
    "Hypno": 0.88369,
    "Jolteon": 7.92414,
    "Jynx": 30.15969,
    "Kabutops": 0.01889,
    "Kangaskhan": 0.02772,
    "Kingler": 0.5422899999999999,
    "Lapras": 14.2767,
    "Lickitung": 0.0292,
    "Machamp": 0.12667,
    "Magmar": 0.02922,
    "Magneton": 0.01969,
    "Moltres": 0.25618,
    "Muk": 0.05911,
    "Nidoking": 0.10905000000000001,
    "Nidoqueen": 0.14279,
    "Ninetales": 0.17068999999999998,
    "Omastar": 0.01071,
    "Parasect": 0.10808000000000001,
    "Persian": 3.0031499999999998,
    "Pidgeot": 0.0147,
    "Pinsir": 0.03521,
    "Poliwrath": 0.06735000000000001,
    "Porygon": 0.6361399999999999,
    "Primeape": 0.02105,
    "Raichu": 0.26023999999999997,
    "Rhydon": 11.71789,
    "Sandslash": 0.09079,
    "Scyther": 0.06478,
    "Slowbro": 20.3435,
    "Snorlax": 73.65605,
    "Starmie": 44.95821,
    "Tauros": 94.00321000000001,
    "Tentacruel": 0.015770000000000003,
    "Vaporeon": 0.019469999999999998,
    "Venomoth": 0.01245,
    "Venusaur": 0.63015,
    "Victreebel": 2.8673,
    "Zapdos": 20.41142
}